Name,Phone NO,Date of Birth,Age,Email
,,,,
Michael J. Pope,706-520-4174,"December 29, 1997",23 years old,MichaelJPope@teleworm.us            This is a real email address. Click here to activate it!
Brandi M. Wyatt,270-255-5402,"September 5, 1955",65 years old,BrandiMWyatt@dayrep.com            This is a real email address. Click here to activate it!
Tom D. Henderson,315-964-2623,"November 26, 1974",46 years old,TomDHenderson@dayrep.com            This is a real email address. Click here to activate it!
Dennis M. Clear,703-650-1982,"September 17, 1994",26 years old,DennisMClear@jourrapide.com            This is a real email address. Click here to activate it!
Jason L. Little,773-622-0998,"December 8, 1944",76 years old,JasonLLittle@teleworm.us            This is a real email address. Click here to activate it!
Albert M. Money,801-670-2588,"June 9, 1975",45 years old,AlbertMMoney@jourrapide.com            This is a real email address. Click here to activate it!
Lenora G. Horn,847-452-3972,"May 4, 1974",47 years old,LenoraGHorn@jourrapide.com            This is a real email address. Click here to activate it!
Tim J. Bullock,407-249-0510,"April 29, 1951",70 years old,TimJBullock@teleworm.us            This is a real email address. Click here to activate it!
Amanda J. Casey,615-746-0263,"December 24, 1947",73 years old,AmandaJCasey@dayrep.com            This is a real email address. Click here to activate it!
Ronald S. Tomes,216-694-9935,"February 26, 1948",73 years old,RonaldSTomes@armyspy.com            This is a real email address. Click here to activate it!
